first_name,last_name,email,password,photo_name
Gustavo,Lima,glima@gato.co.uk,limaadmin,gustavo_lima.png
David,Carreira,dcarreira@gato.co.uk,carreiraadmin,david_carreira.png
Zeca,Pagodinho,zpagodinho@gato.co.uk,pagodinhoadmin,zeca_pagodinho.png
Messias,Marricoa,mmaricoa@gato.co.uk,marricoaadmin,messias_marricoa.png
Matias,Damasio,mdamasio@gato.co.uk,damasioadmin,matias_damasio.png